{
  "name": "hidrospoint-b2b-scraper",
  "version": "1.0.0",
  "description": "Web scraper completo per HidrosPoint B2B - estrazione categorie, prodotti e marchi",
  "main": "hidrospoint_scraper_puppeteer.js",
  "scripts": {
    "start": "node hidrospoint_scraper_puppeteer.js",
    "test": "node test_hidrospoint.js",
    "console": "echo 'Apri il browser, fai login e usa hidrospoint_scraper_console.js nella console'"
  },
  "keywords": [
    "scraper",
    "web-scraping",
    "hidrospoint",
    "puppeteer",
    "b2b",
    "e-commerce"
  ],
  "author": "NexNow LTD",
  "license": "MIT",
  "dependencies": {
    "puppeteer": "^21.5.2"
  },
  "devDependencies": {},
  "engines": {
    "node": ">=16.0.0"
  }
}
